,u10,v10,mwd,mwp,swh
0,,,,,
1,4.4089317195312505,-4.303737651562501,295.8066175,4.2057056515625,0.76156485609375
2,,,,,
