,mwp,swh,mwd
Zone1,4.703018115081726,1.029772349033562,165.54540202839303
Zone2,3.5086731694849043,0.5432966446368114,157.32651202283546
Zone3,,,
