,mwp,swh,mwd
Zone1,3.5014474208585677,0.3649230301345618,172.0645573984774
Zone2,3.4522029263816094,0.27525376366468157,149.83909049441354
Zone3,,,
