,mwp,swh,mwd
Zone1,,,
Zone2,3.0253860169729907,0.31912143386765746,177.11510718074027
Zone3,3.811495920666427,0.6025176389632454,152.9092802664666
