,mwp,swh,mwd
Zone1,,,
Zone2,5.582111391662767,0.7404874011482635,20.20490764191396
Zone3,,,
