,mwp,swh,mwd
Zone1,,,
Zone2,3.90046865164599,0.5163380690512909,199.3991876140368
Zone3,,,
