,mwp,swh,mwd
Zone1,,,
Zone2,5.398679580150872,1.8379982931751597,174.8232355229541
Zone3,,,
