,mwp,swh,mwd
Zone1,,,
Zone2,4.715101146580284,1.1827974586334067,165.03548508562608
Zone3,,,
