,mwp,swh,mwd
Zone1,,,
Zone2,4.527195060594659,0.4841855186083096,136.3770736108586
Zone3,,,
