,mwp,swh,mwd
Zone1,,,
Zone2,3.5791758899571278,0.39278503996982134,98.03733157530516
Zone3,,,
