,mwp,swh,mwd
Zone1,,,
Zone2,5.802729308841775,0.9417899816871265,84.2618644248592
Zone3,,,
