,mwp,swh,mwd
Zone1,,,
Zone2,6.268296346182705,1.426058164936382,142.68992373941632
Zone3,,,
