,mwp,swh,mwd
Zone1,,,
Zone2,4.829908055736639,0.9659760329680349,166.89026947357664
Zone3,,,
