,mwp,swh,mwd
Zone1,,,
Zone2,4.6929557327344575,0.7783397524093153,234.87839067164225
Zone3,,,
