,mwp,swh,mwd
Zone1,4.355315706573399,0.9135025527021662,183.12553593264508
Zone2,4.2298879148277635,1.014392857798386,194.67037234920744
Zone3,,,
