,mwp,swh,mwd
Zone1,,,
Zone2,5.226138942554715,1.3256558438845973,212.86865433770956
Zone3,,,
