,mwp,swh,mwd
Zone1,,,
Zone2,4.883177456716805,0.47724059200620356,77.01973166351023
Zone3,,,
