,mwp,swh,mwd
Zone1,,,
Zone2,5.330230815708251,1.1495319586496855,207.30854562694756
Zone3,,,
