,mwp,swh,mwd
Zone1,,,
Zone2,3.556276885308416,0.42684139543846866,172.17589166197493
Zone3,,,
