,mwp,swh,mwd
Zone1,,,
Zone2,4.519235614895819,0.7030351088951682,184.0962762613736
Zone3,,,
