,mwp,swh,mwd
Zone1,,,
Zone2,5.086434608247196,0.6211572662477026,29.962118312110093
Zone3,,,
