,mwp,swh,mwd
Zone1,,,
Zone2,3.1177726136759953,0.330009362720455,173.7703938480871
Zone3,,,
