,mwp,swh,mwd
Zone1,,,
Zone2,4.999658604759754,1.4067462887990434,223.50277884050888
Zone3,,,
